use ods_maestro_saldo;


INSERT INTO ods_estado_cuenta_tarjeta (
    i_id_estado, s_cod_estado, s_estado, s_cod_sub_estado, 
    s_sub_estado, s_descripcion, i_id_estado_aux, s_pan, s_cod_es
) VALUES
(37001, '1', 'Vencido', '0000000001', 'SubVencido', 'Cuenta vencida en mora leve', NULL, '170557143351', '000000000-2-1-5'),
(37002, '1', 'Vencido', '0000000001', 'SubVencido', 'Cuenta vencida en mora leve', NULL, '212257143352', '000000000-2-1-5'),
(37003, '1', 'Vencido', '0000000002', 'SubVencido', 'Cuenta vencida por no pago mínimo', NULL, '312257143353', '000000000-2-1-5'),
(37004, '1', 'Vencido', '0000000002', 'SubVencido', 'Cuenta vencida con intereses en mora', NULL, '470557143344', '000000000-2-1-5'),
(37005, '1', 'Vencido', '0000000003', 'SubVencido', 'Cuenta en cobranza', NULL, '570557143345', '000000000-2-1-5'),
(37006, '1', 'Vencido', '0000000001', 'SubVencido', 'Cuenta vencida en etapa preventiva', NULL, '180557143346', '000000000-2-1-5'),
(37007, '1', 'Vencido', '0000000001', 'SubVencido', 'Cuenta vencida por impago repetido', NULL, '190557143347', '000000000-2-1-5'),
(37008, '1', 'Vencido', '0000000002', 'SubVencido', 'Cuenta vencida con saldo pendiente', NULL, '200557143348', '000000000-2-1-5'),
(37009, '1', 'Vencido', '0000000003', 'SubVencido', 'Cuenta vencida en mora alta', NULL, '210557143349', '000000000-2-1-5'),
(37010, '1', 'Vencido', '0000000002', 'SubVencido', 'Cuenta vencida en análisis jurídico', NULL, '220557143350', '000000000-2-1-5'),
(37011, '1', 'Vencido', '0000000003', 'SubVencido', 'Cuenta vencida clasificada como riesgosa', NULL, '230557143351', '000000000-2-1-5'),
(37012, '1', 'Vencido', '0000000003', 'SubVencido', 'Cuenta vencida por falta de contacto', NULL, '240557143352', '000000000-2-1-5'),
(37013, '1', 'Vencido', '0000000001', 'SubVencido', 'Cuenta vencida por impago prolongado', NULL, '250557143353', '000000000-2-1-5'),
(37014, '1', 'Vencido', '0000000002', 'SubVencido', 'Cuenta vencida con acuerdo fallido', NULL, '260557143354', '000000000-2-1-5'),
(37015, '1', 'Vencido', '0000000003', 'SubVencido', 'Cuenta vencida lista para castigo', NULL, '270557143355', '000000000-2-1-5');


INSERT INTO datos_comunes_personas_p1 (
    p1_id, p1_codent, p1_identcli, p1_tiporeg, p1_tipdoc, p1_numdoc, 
    p1_tipper, p1_estper, p1_fecest, p1_tipclien, p1_subtipcli, 
    p1_codidioma, p1_bloqueo, p1_indrepos, p1_nivseg, p1_publicidad, 
    p1_indvip, p1_fecalta, p1_fecbaja, p1_cnae, p1_codcirbe, 
    p1_claveacc, p1_sitclave, p1_codcontrib, p1_processdate
) VALUES 
(1, '0001', '44445555', 'P1', 'R', '010002163', 'J', 'A', '2020-07-21', '01', '01', 'ES', 'N', 'S', 0, 'N', 'N', '2020-07-21', '2020-12-25', NULL, NULL, NULL, NULL, NULL, 20250325),
(2, '0001', '45429156', 'P1', 'R', '0100033703001', 'J', 'A', '2021-09-30', '01', '01', 'ES', 'N', 'S', 0, 'N', 'N', '2021-09-30', '2020-12-25', NULL, NULL, NULL, NULL, NULL, 20250325),
(3, '0001', '46004057', 'P1', 'R', '0100050376001', 'J', 'A', '2020-06-04', '01', '01', 'ES', 'N', 'S', 0, 'N', 'N', '2020-06-04', '2020-12-25', NULL, NULL, NULL, NULL, NULL, 20250325),
(4, '0001', '47479758', 'P1', 'R', '0100058601001', 'J', 'A', '2022-07-04', '01', '01', 'ES', 'N', 'S', 0, 'N', 'N', '2022-07-04', '2020-12-25', NULL, NULL, NULL, NULL, NULL, 20250325),
(5, '0001', '48004059', 'P1', 'R', '0100070622001', 'J', 'A', '2022-02-22', '01', '01', 'ES', 'N', 'S', 0, 'N', 'N', '2022-02-22', '2020-12-25', NULL, NULL, NULL, NULL, NULL, 20250325),
(6, '0001', '49112233', 'P1', 'R', '0100088888001', 'J', 'A', '2021-05-10', '01', '01', 'ES', 'N', 'N', 0, 'N', 'N', '2021-05-10', '2020-12-25', NULL, NULL, NULL, NULL, NULL, 20250325),
(7, '0001', '50223344', 'P1', 'R', '0100099999001', 'J', 'A', '2021-06-11', '01', '01', 'ES', 'N', 'N', 0, 'N', 'N', '2021-06-11', '2020-12-25', NULL, NULL, NULL, NULL, NULL, 20250325),
(8, '0001', '51334455', 'P1', 'R', '0100011111001', 'J', 'A', '2020-08-18', '01', '01', 'ES', 'N', 'N', 0, 'N', 'N', '2020-08-18', '2020-12-25', NULL, NULL, NULL, NULL, NULL, 20250325),
(9, '0001', '52445566', 'P1', 'R', '0100022222001', 'J', 'A', '2019-03-12', '01', '01', 'ES', 'N', 'N', 0, 'N', 'N', '2019-03-12', '2020-12-25', NULL, NULL, NULL, NULL, NULL, 20250325),
(10, '0001', '53556677', 'P1', 'R', '0100033333001', 'J', 'A', '2020-11-22', '01', '01', 'ES', 'N', 'N', 0, 'N', 'N', '2020-11-22', '2020-12-25', NULL, NULL, NULL, NULL, NULL, 20250325);

INSERT INTO medio_pago_tarjeta_mp (
    mp_cuenta, mp_identcli, mp_calpart, mp_pan, mp_status, mp_indsittar
) VALUES
-- Domiciliados (indrepos = 'S')
('510764879071', '44445555', 'TI', '170557143351', 'A', 17),
('529683620572', '45429156', 'TI', '212257143352', 'A', 17),
('539103684673', '46004057', 'TI', '312257143353', 'A', 17),
('649146979774', '47479758', 'TI', '470557143344', 'A', 17),
('659146979775', '48004059', 'TI', '570557143345', 'A', 17),

-- No domiciliados (indrepos = 'N')
('669146979776', '49112233', 'BE', '580557143346', 'I', 18),
('679146979777', '50223344', 'BE', '590557143347', 'I', 18),
('689146979778', '51334455', 'BE', '600557143348', 'I', 18),
('699146979779', '52445566', 'BE', '610557143349', 'I', 18),
('709146979780', '53556677', 'BE', '620557143350', 'I', 18);


INSERT INTO desgloce_por_linea_ultimo_recibido_dr (
    dr_cuenta, dr_fecvenmov
) VALUES 
('510764879071', '2025-03-20'),
('529683620572', '2025-03-20'),
('539103684673', '2025-03-21'),
('649146979774', '2025-03-21'),
('659146979775', '2025-03-22'),
('669146979776', '2025-03-27'),
('679146979777', '2025-03-26'),
('689146979778', '2025-03-26'),
('699146979779', '2025-03-27'),
('709146979780', '2025-03-27');


INSERT INTO cuenta_medio_pago_cu (
    cu_id, cu_codent, cu_centalta, cu_cuenta, cu_tiporeg, cu_numorden, 
    cu_fecultcar, cu_producto, cu_subprodu, cu_tipocto, cu_fecproven, 
    cu_fecultven, cu_fecresol, cu_identcli, cu_codblq, cu_indblqope, 
    cu_codestcta, cu_clasifcont, cu_fecultestcta, cu_codconven, cu_indctaemp, 
    cu_codbus, cu_codelemento, cu_tiprolcuenta, cu_inddomcarcre, cu_forpago, 
    cu_indsitcta, cu_ofigestora, cu_conprod, cu_fecbaja, cu_fecalta, 
    cu_indtipocto, cu_intgenmora, cu_porpagoa, cu_imppago, cu_numextpen, 
    cu_numultext, cu_grupoliq, cu_fecultfac, cu_fecantfac, cu_saldacre, 
    cu_saldorev, cu_motbaja, cu_tipbon, cu_codformato, cu_codcam, cu_fecultblq, 
    cu_salkact, cu_porriesg, cu_provriesact, cu_feccalriesact, cu_impdemandado, 
    cu_impdemant, cu_codcat, cu_fecaltacat, cu_fecmodcat, cu_fecbajacat, 
    cu_impdotgen, cu_numdiasact, cu_indcrefi, cu_fecrefi, cu_codestbcact, 
    cu_codestbcant, cu_fecultestbc, cu_processdate
) VALUES 
(1, '0001', '0101', '510764879071', 'CU', 10001, '2025-03-01', '08', '0828', 'PREPAGO', '2025-03-01', '2025-03-10', '2025-03-10', '44445555', 0, 'N', 0, 'N', '2025-03-10', '0008', 0, 828, 8, 'U', 0, 03, 0, '0828', '082', '2024-01-01', '2024-01-01', 0, 100.00, 10.00, 1000.00, 5, 6, 11, '2025-03-10', '2025-03-01', 150.00, 150.00, 1, 'BONO', 'AARÓNICAS', '999', '2025-03-10', 10000.00, 10.00, 20000.00, '2025-03-10', 111111111.11, 111111111.11, 'A', '2025-03-10', '2025-03-10', '2024-01-01', 12345.67, 30, 'NV', '2025-03-10', 'B2', 'B2', '2025-03-10', 20250325),
(2, '0001', '0102', '529683620572', 'CU', 10002, '2025-03-01', '08', '0828', 'PREPAGO', '2025-03-01', '2025-03-10', '2025-03-10', '45429156', 0, 'N', 0, 'N', '2025-03-10', '0008', 0, 828, 8, 'U', 0, 04, 0, '0828', '082', '2024-01-01', '2024-01-01', 0, 110.00, 12.00, 1100.00, 6, 7, 11, '2025-03-10', '2025-03-01', 160.00, 160.00, 1, 'BONO', 'AARÓNICAS', '999', '2025-03-10', 11000.00, 11.00, 21000.00, '2025-03-10', 222222222.22, 222222222.22, 'A', '2025-03-10', '2025-03-10', '2024-01-01', 23456.78, 31, 'NV', '2025-03-10', 'B2', 'B2', '2025-03-10', 20250325),
(3, '0001', '0103', '539103684673', 'CU', 10003, '2025-03-01', '08', '0828', 'PREPAGO', '2025-03-01', '2025-03-10', '2025-03-10', '46004057', 0, 'N', 0, 'N', '2025-03-10', '0008', 0, 828, 8, 'U', 0, 03, 0, '0828', '082', '2024-01-01', '2024-01-01', 0, 120.00, 14.00, 1200.00, 7, 8, 11, '2025-03-10', '2025-03-01', 170.00, 170.00, 1, 'BONO', 'AARÓNICAS', '999', '2025-03-10', 12000.00, 12.00, 22000.00, '2025-03-10', 333333333.33, 333333333.33, 'A', '2025-03-10', '2025-03-10', '2024-01-01', 34567.89, 32, 'NV', '2025-03-10', 'B2', 'B2', '2025-03-10', 20250325),
(4, '0001', '0104', '649146979774', 'CU', 10004, '2025-03-01', '08', '0828', 'PREPAGO', '2025-03-01', '2025-03-10', '2025-03-10', '47479758', 0, 'N', 0, 'N', '2025-03-10', '0008', 0, 828, 8, 'U', 0, 04, 0, '0828', '082', '2024-01-01', '2024-01-01', 0, 130.00, 16.00, 1300.00, 8, 9, 11, '2025-03-10', '2025-03-01', 180.00, 180.00, 1, 'BONO', 'AARÓNICAS', '999', '2025-03-10', 13000.00, 13.00, 23000.00, '2025-03-10', 444444444.44, 444444444.44, 'A', '2025-03-10', '2025-03-10', '2024-01-01', 45678.90, 33, 'NV', '2025-03-10', 'B2', 'B2', '2025-03-10', 20250325),
(5, '0001', '0105', '659146979775', 'CU', 10005, '2025-03-01', '08', '0828', 'PREPAGO', '2025-03-01', '2025-03-10', '2025-03-10', '48004059', 0, 'N', 0, 'N', '2025-03-10', '0008', 0, 828, 8, 'U', 0, 03, 0, '0828', '082', '2024-01-01', '2024-01-01', 0, 140.00, 18.00, 1400.00, 9, 10, 11, '2025-03-10', '2025-03-01', 190.00, 190.00, 1, 'BONO', 'AARÓNICAS', '999', '2025-03-10', 14000.00, 14.00, 24000.00, '2025-03-10', 555555555.55, 555555555.55, 'A', '2025-03-10', '2025-03-10', '2024-01-01', 56789.01, 34, 'NV', '2025-03-10', 'B2', 'B2', '2025-03-10', 20250325),
(6, '0001', '0106', '669146979776', 'CU', 10006, '2025-03-01', '08', '0828', 'PREPAGO', '2025-03-01', '2025-03-10', '2025-03-10', '49112233', 0, 'N', 0, 'N', '2025-03-10', '0008', 0, 828, 8, 'U', 0, 04, 0, '0828', '082', '2024-01-01', '2024-01-01', 0, 150.00, 20.00, 1500.00, 10, 11, 11, '2025-03-10', '2025-03-01', 200.00, 200.00, 1, 'BONO', 'AARÓNICAS', '999', '2025-03-10', 15000.00, 15.00, 25000.00, '2025-03-10', 666666666.66, 666666666.66, 'A', '2025-03-10', '2025-03-10', '2024-01-01', 67890.12, 35, 'NV', '2025-03-10', 'B2', 'B2', '2025-03-10', 20250325),
(7, '0001', '0107', '679146979777', 'CU', 10007, '2025-03-01', '08', '0828', 'PREPAGO', '2025-03-01', '2025-03-10', '2025-03-10', '50223344', 0, 'N', 0, 'N', '2025-03-10', '0008', 0, 828, 8, 'U', 0, 03, 0, '0828', '082', '2024-01-01', '2024-01-01', 0, 160.00, 22.00, 1600.00, 11, 12, 11, '2025-03-10', '2025-03-01', 210.00, 210.00, 1, 'BONO', 'AARÓNICAS', '999', '2025-03-10', 16000.00, 16.00, 26000.00, '2025-03-10', 777777777.77, 777777777.77, 'A', '2025-03-10', '2025-03-10', '2024-01-01', 78901.23, 36, 'NV', '2025-03-10', 'B2', 'B2', '2025-03-10', 20250325),
(8, '0001', '0108', '689146979778', 'CU', 10008, '2025-03-01', '08', '0828', 'PREPAGO', '2025-03-01', '2025-03-10', '2025-03-10', '51334455', 0, 'N', 0, 'N', '2025-03-10', '0008', 0, 828, 8, 'U', 0, 04, 0, '0828', '082', '2024-01-01', '2024-01-01', 0, 170.00, 24.00, 1700.00, 12, 13, 11, '2025-03-10', '2025-03-01', 220.00, 220.00, 1, 'BONO', 'AARÓNICAS', '999', '2025-03-10', 17000.00, 17.00, 27000.00, '2025-03-10', 888888888.88, 888888888.88, 'A', '2025-03-10', '2025-03-10', '2024-01-01', 89012.34, 37, 'NV', '2025-03-10', 'B2', 'B2', '2025-03-10', 20250325),
(9, '0001', '0109', '699146979779', 'CU', 10009, '2025-03-01', '08', '0828', 'PREPAGO', '2025-03-01', '2025-03-10', '2025-03-10', '52445566', 0, 'N', 0, 'N', '2025-03-10', '0008', 0, 828, 8, 'U', 0, 03, 0, '0828', '082', '2024-01-01', '2024-01-01', 0, 180.00, 26.00, 1800.00, 13, 14, 11, '2025-03-10', '2025-03-01', 230.00, 230.00, 1, 'BONO', 'AARÓNICAS', '999', '2025-03-10', 18000.00, 18.00, 28000.00, '2025-03-10', 999999999.99, 999999999.99, 'A', '2025-03-10', '2025-03-10', '2024-01-01', 90123.45, 38, 'NV', '2025-03-10', 'B2', 'B2', '2025-03-10', 20250325),
(10, '0001', '0110', '709146979780', 'CU', 10010, '2025-03-01', '08', '0828', 'PREPAGO', '2025-03-01', '2025-03-10', '2025-03-10', '53556677', 0, 'N', 0, 'N', '2025-03-10', '0008', 0, 828, 8, 'U', 0, 04, 0, '0828', '082', '2024-01-01', '2024-01-01', 0, 190.00, 28.00, 1900.00, 14, 15, 11, '2025-03-10', '2025-03-01', 240.00, 240.00, 1, 'BONO', 'AARÓNICAS', '999', '2025-03-10', 19000.00, 19.00, 29000.00, '2025-03-10', 1111111111.00, 1111111111.00, 'A', '2025-03-10', '2025-03-10', '2024-01-01', 123456.00, 39, 'NV', '2025-03-10', 'B2', 'B2', '2025-03-10', 20250325);
;

CREATE TABLE emi_maestro_cartera_diaria (
  i_num_cuenta VARCHAR(12) NOT NULL,
  m_pago_min DECIMAL(17,2) NOT NULL,
  m_pago_contado DECIMAL(17,2) NOT NULL,
  m_deuda_vcda DECIMAL(17,2) DEFAULT NULL,
  d_fec_top_pag DATETIME DEFAULT NULL
) ENGINE=InnoDB DEFAULT CHARSET=utf8mb4 COLLATE=utf8mb4_0900_ai_ci;


INSERT INTO emi_maestro_cartera_diaria (
    i_num_cuenta, m_pago_min, m_pago_contado, m_deuda_vcda, d_fec_top_pag
) VALUES
('510764879071', 100.0, 400.0, 50.0, '2025-03-25 00:00:00'),
('529683620572', 500.0, 2000.0, 40.0, '2025-03-25 00:00:00'),
('539103684673', 80.0, 400.0, 100.0, '2025-03-25 00:00:00'),
('649146979774', 2000.0, 9000.14, 8000.0, '2025-03-25 00:00:00'),
('659146979775', 120.0, 450.0, 60.0, '2025-03-25 00:00:00'),
('669146979776', 0.0, 0.0, 0.0,'2025-03-24 00:00:00'),
('679146979777', 70.0, 300.0, 150.0, '2025-03-24 00:00:00'),
('689146979778', 100.0, 600.0, 200.0, '2025-03-24 00:00:00'),
('699146979779', 90.0, 550.0, 120.0, '2025-03-24 00:00:00'),
('709146979780', 0.0, 0.0, 0.0, '2025-03-24 00:00:00');



INSERT INTO recibido_impagado_ri (
    ri_id, ri_codent, ri_centalta, ri_cuenta, ri_tiporeg, ri_numorden, 
    ri_clamon, ri_numsecimp, ri_numsecrec, ri_fecalta, ri_fecemimov, 
    ri_fecvenmov, ri_imprec, ri_impago, ri_impapl, ri_fecultapl, 
    ri_fecenvcob, ri_processdate
) VALUES
(1, '0001', '0782', '510764879071', 'RI', 42981166, 285, 100000000000001, 100000000000001, '2025-03-25', '2025-03-25', '2025-03-25', 1000.00, 1000.00, 1000.00, '2025-03-25', '2025-03-25', 20250325),
(2, '0001', '0782', '529683620572', 'RI', 42981167, 285, 100000000000002, 100000000000002, '2025-03-25', '2025-03-25', '2025-03-25', 2000.00, 2000.00, 2000.00, '2025-03-25', '2025-03-25', 20250325),
(3, '0001', '0782', '539103684673', 'RI', 42981168, 285, 100000000000003, 100000000000003, '2025-03-25', '2025-03-25', '2025-03-25', 1500.00, 1500.00, 1500.00, '2025-03-25', '2025-03-25', 20250325),
(4, '0001', '0782', '649146979774', 'RI', 42981169, 285, 100000000000004, 100000000000004, '2025-03-25', '2025-03-25', '2025-03-25', 3000.00, 3000.00, 3000.00, '2025-03-25', '2025-03-25', 20250325),
(5, '0001', '0782', '659146979775', 'RI', 42981170, 285, 100000000000005, 100000000000005, '2025-03-25', '2025-03-25', '2025-03-25', 800.00, 800.00, 800.00, '2025-03-25', '2025-03-25', 20250325),
(6, '0001', '0782', '669146979776', 'RI', 42981171, 285, 100000000000006, 100000000000006, '2025-03-25', '2025-03-25', '2025-03-25', 0.00, 0.00, 0.00, '2025-03-25', '2025-03-25', 20250325),
(7, '0001', '0782', '679146979777', 'RI', 42981172, 285, 100000000000007, 100000000000007, '2025-03-25', '2025-03-25', '2025-03-25', 950.00, 950.00, 950.00, '2025-03-25', '2025-03-25', 20250325),
(8, '0001', '0782', '689146979778', 'RI', 42981173, 285, 100000000000008, 100000000000008, '2025-03-25', '2025-03-25', '2025-03-25', 1100.00, 1100.00, 1100.00, '2025-03-25', '2025-03-25', 20250325),
(9, '0001', '0782', '699146979779', 'RI', 42981174, 285, 100000000000009, 100000000000009, '2025-03-25', '2025-03-25', '2025-03-25', 700.00, 700.00, 700.00, '2025-03-25', '2025-03-25', 20250325),
(10, '0001', '0782', '709146979780', 'RI', 42981175, 285, 100000000000010, 100000000000010, '2025-03-25', '2025-03-25', '2025-03-25', 0.00, 0.00, 0.00, '2025-03-25', '2025-03-25', 20250325);


INSERT INTO venta_cartera_castigada (
    pan, cuenta, estado, fecha_venta, monto, descripcion
) VALUES
('170557143351', '510764879071', '020', '2023-10-01', 1500.75, 'Cartera castigada por mora'),
('212257143352', '529683620572', '020', '2023-10-02', 2000.00, 'Cartera activa'),
('312257143353', '539103684673', '020', '2023-10-02', 2000.00, 'Cartera activa'),
('470557143344', '649146979774', '020', '2023-10-02', 2000.00, 'Cartera activa'),
('570557143345', '659146979775', '020', '2023-10-03', 1800.00, 'Cuenta con impagos recientes'),
('580557143346', '669146979776', '020', '2023-10-03', 0.00, 'Cuenta sin movimientos'),
('590557143347', '679146979777', '020', '2023-10-03', 1950.00, 'Cartera con pagos parciales'),
('600557143348', '689146979778', '020', '2023-10-04', 2100.00, 'Cuenta con reestructuración'),
('610557143349', '699146979779', '020', '2023-10-04', 1000.00, 'En seguimiento judicial'),
('620557143350', '709146979780', '020', '2023-10-04', 0.00, 'Sin actividad reciente');


INSERT INTO contrato_impagado_ic (
    ic_cuenta, ic_impago, ic_impapl, ic_numrecimp
) VALUES
('510764879071', 692.38, 692.38, 20),
('529683620572', 692.38, 692.38, 20),
('539103684673', 562.38, 66.38, 20),
('649146979774', 692.38, 92.38, 20),
('659146979775', 812.00, 300.00, 15),
('669146979776', 0.00, 0.00, 0),
('679146979777', 950.50, 100.00, 10),
('689146979778', 1100.00, 250.00, 12),
('699146979779', 700.00, 200.00, 5),
('709146979780', 0.00, 0.00, 0);


CREATE TABLE emi_t_ext_cred_ex (
  ex_cuenta VARCHAR(12) NOT NULL,
  ex_fecext DATE NOT NULL,
  ex_impmin DECIMAL(17,2) NOT NULL
) ENGINE=InnoDB DEFAULT CHARSET=utf8mb4 COLLATE=utf8mb4_0900_ai_ci;

INSERT INTO emi_t_ext_cred_ex (
  ex_cuenta, ex_fecext, ex_impmin
) VALUES
('510764879071', '2025-03-30', 300.00),
('529683620572', '2025-03-30', 500.00),
('539103684673', '2025-03-30', 700.00),
('649146979774', '2025-03-30', 1500.00),
('659146979775', '2025-03-30', 600.00),
('669146979776', '2025-03-15', 700.00),
('679146979777', '2025-03-15', 800.00),
('689146979778', '2025-03-15', 900.00),
('699146979779', '2025-03-15', 1000.00),
('709146979780', '2025-03-15', 0.00);














